,id
7,http://www.jstor.org/stable/2868641
10,http://www.jstor.org/stable/2867059
15,http://www.jstor.org/stable/2866396
28,http://www.jstor.org/stable/2870303
32,http://www.jstor.org/stable/2870754
35,http://www.jstor.org/stable/2870928
43,http://www.jstor.org/stable/24778435
46,http://www.jstor.org/stable/2869302
47,http://www.jstor.org/stable/2869196
49,http://www.jstor.org/stable/2869529
52,http://www.jstor.org/stable/2871235
54,http://www.jstor.org/stable/24778492
56,http://www.jstor.org/stable/2871043
61,http://www.jstor.org/stable/2867101
65,http://www.jstor.org/stable/2870902
66,http://www.jstor.org/stable/2866046
97,http://www.jstor.org/stable/2870461
109,http://www.jstor.org/stable/2869789
111,http://www.jstor.org/stable/2866693
112,http://www.jstor.org/stable/2870635
113,http://www.jstor.org/stable/2868886
115,http://www.jstor.org/stable/3844134
124,http://www.jstor.org/stable/2868597
136,http://www.jstor.org/stable/2867728
137,http://www.jstor.org/stable/2866074
139,http://www.jstor.org/stable/2866053
146,http://www.jstor.org/stable/40210319
149,http://www.jstor.org/stable/41679769
152,http://www.jstor.org/stable/2871215
157,http://www.jstor.org/stable/2866851
158,http://www.jstor.org/stable/2867956
160,http://www.jstor.org/stable/2869317
162,http://www.jstor.org/stable/2866657
165,http://www.jstor.org/stable/2870318
171,http://www.jstor.org/stable/2870633
178,http://www.jstor.org/stable/2866359
184,http://www.jstor.org/stable/2870455
186,http://www.jstor.org/stable/2866149
192,http://www.jstor.org/stable/2869148
193,http://www.jstor.org/stable/2870632
194,http://www.jstor.org/stable/2866017
196,http://www.jstor.org/stable/2867428
197,http://www.jstor.org/stable/2870173
215,http://www.jstor.org/stable/2869033
217,http://www.jstor.org/stable/2869243
222,http://www.jstor.org/stable/2869058
227,http://www.jstor.org/stable/2902321
229,http://www.jstor.org/stable/2867415
231,http://www.jstor.org/stable/2902129
237,http://www.jstor.org/stable/2871004
239,http://www.jstor.org/stable/2869862
242,http://www.jstor.org/stable/2868268
246,http://www.jstor.org/stable/2869433
249,http://www.jstor.org/stable/2868701
250,http://www.jstor.org/stable/2870629
253,http://www.jstor.org/stable/4123514
275,http://www.jstor.org/stable/2868134
276,http://www.jstor.org/stable/3844042
292,http://www.jstor.org/stable/2871098
297,http://www.jstor.org/stable/4123493
300,http://www.jstor.org/stable/2869120
301,http://www.jstor.org/stable/2868174
309,http://www.jstor.org/stable/2869416
311,http://www.jstor.org/stable/2870849
313,http://www.jstor.org/stable/2870457
314,http://www.jstor.org/stable/3844172
318,http://www.jstor.org/stable/2870756
324,http://www.jstor.org/stable/2871059
325,http://www.jstor.org/stable/2867116
330,http://www.jstor.org/stable/2871419
338,http://www.jstor.org/stable/2870192
339,http://www.jstor.org/stable/2871233
340,http://www.jstor.org/stable/2870979
341,http://www.jstor.org/stable/2867022
345,http://www.jstor.org/stable/2870101
354,http://www.jstor.org/stable/2868963
358,http://www.jstor.org/stable/2868400
362,http://www.jstor.org/stable/2869829
365,http://www.jstor.org/stable/2869736
371,http://www.jstor.org/stable/44990761
378,http://www.jstor.org/stable/2868137
383,http://www.jstor.org/stable/2868782
389,http://www.jstor.org/stable/2870285
406,http://www.jstor.org/stable/2870000
409,http://www.jstor.org/stable/2869498
412,http://www.jstor.org/stable/2869248
415,http://www.jstor.org/stable/3844136
421,http://www.jstor.org/stable/2871170
425,http://www.jstor.org/stable/2869007
428,http://www.jstor.org/stable/2869288
429,http://www.jstor.org/stable/2867300
431,http://www.jstor.org/stable/24778474
440,http://www.jstor.org/stable/2866745
447,http://www.jstor.org/stable/2866114
455,http://www.jstor.org/stable/2867387
458,http://www.jstor.org/stable/2870189
462,http://www.jstor.org/stable/24778575
476,http://www.jstor.org/stable/2869607
480,http://www.jstor.org/stable/2868426
481,http://www.jstor.org/stable/2902110
486,http://www.jstor.org/stable/2870956
487,http://www.jstor.org/stable/2867876
488,http://www.jstor.org/stable/2870589
492,http://www.jstor.org/stable/2868803
497,http://www.jstor.org/stable/2869606
501,http://www.jstor.org/stable/2870634
504,http://www.jstor.org/stable/2868346
508,http://www.jstor.org/stable/2870465
510,http://www.jstor.org/stable/4624974
530,http://www.jstor.org/stable/2869834
531,http://www.jstor.org/stable/3844095
534,http://www.jstor.org/stable/2866394
538,http://www.jstor.org/stable/2870063
541,http://www.jstor.org/stable/2866438
549,http://www.jstor.org/stable/4624976
555,http://www.jstor.org/stable/40468403
557,http://www.jstor.org/stable/2867174
569,http://www.jstor.org/stable/2867020
570,http://www.jstor.org/stable/2870366
571,http://www.jstor.org/stable/2866445
572,http://www.jstor.org/stable/2868883
573,http://www.jstor.org/stable/3844081
574,http://www.jstor.org/stable/2868727
576,http://www.jstor.org/stable/40985629
580,http://www.jstor.org/stable/2871018
581,http://www.jstor.org/stable/2870307
583,http://www.jstor.org/stable/2868314
597,http://www.jstor.org/stable/2867232
602,http://www.jstor.org/stable/2869710
610,http://www.jstor.org/stable/24778460
615,http://www.jstor.org/stable/2870506
621,http://www.jstor.org/stable/2869769
625,http://www.jstor.org/stable/2871279
627,http://www.jstor.org/stable/2871216
630,http://www.jstor.org/stable/2870288
631,http://www.jstor.org/stable/3844072
632,http://www.jstor.org/stable/24778475
634,http://www.jstor.org/stable/2867698
638,http://www.jstor.org/stable/2870174
640,http://www.jstor.org/stable/2868764
642,http://www.jstor.org/stable/2866518
644,http://www.jstor.org/stable/2867842
656,http://www.jstor.org/stable/2869072
661,http://www.jstor.org/stable/2868208
662,http://www.jstor.org/stable/2866847
663,http://www.jstor.org/stable/2867983
671,http://www.jstor.org/stable/2902186
674,http://www.jstor.org/stable/2868238
675,http://www.jstor.org/stable/2867485
679,http://www.jstor.org/stable/40468384
684,http://www.jstor.org/stable/2871398
690,http://www.jstor.org/stable/23025645
693,http://www.jstor.org/stable/4123495
703,http://www.jstor.org/stable/2870191
705,http://www.jstor.org/stable/2870955
709,http://www.jstor.org/stable/2869717
714,http://www.jstor.org/stable/2866918
717,http://www.jstor.org/stable/2869958
720,http://www.jstor.org/stable/2866697
724,http://www.jstor.org/stable/2870503
731,http://www.jstor.org/stable/2868859
741,http://www.jstor.org/stable/2870085
742,http://www.jstor.org/stable/2869044
751,http://www.jstor.org/stable/2869325
752,http://www.jstor.org/stable/2867888
760,http://www.jstor.org/stable/2870049
761,http://www.jstor.org/stable/2869123
773,http://www.jstor.org/stable/2870999
775,http://www.jstor.org/stable/2868394
781,http://www.jstor.org/stable/2869995
789,http://www.jstor.org/stable/2867629
799,http://www.jstor.org/stable/2867997
801,http://www.jstor.org/stable/40210318
803,http://www.jstor.org/stable/2869470
804,http://www.jstor.org/stable/2867866
809,http://www.jstor.org/stable/2871399
827,http://www.jstor.org/stable/2866117
840,http://www.jstor.org/stable/2870220
844,http://www.jstor.org/stable/2870048
849,http://www.jstor.org/stable/2868316
860,http://www.jstor.org/stable/2869358
864,http://www.jstor.org/stable/2869166
866,http://www.jstor.org/stable/2867584
867,http://www.jstor.org/stable/23025627
873,http://www.jstor.org/stable/2902260
879,http://www.jstor.org/stable/2867383
884,http://www.jstor.org/stable/2870335
885,http://www.jstor.org/stable/2869355
886,http://www.jstor.org/stable/2871104
887,http://www.jstor.org/stable/2867606
890,http://www.jstor.org/stable/2870306
918,http://www.jstor.org/stable/2869169
919,http://www.jstor.org/stable/2868681
922,http://www.jstor.org/stable/24778574
931,http://www.jstor.org/stable/2870481
933,http://www.jstor.org/stable/2869629
950,http://www.jstor.org/stable/2868170
958,http://www.jstor.org/stable/3844265
961,http://www.jstor.org/stable/2871052
963,http://www.jstor.org/stable/2871050
968,http://www.jstor.org/stable/40985630
970,http://www.jstor.org/stable/2869989
974,http://www.jstor.org/stable/41819767
979,http://www.jstor.org/stable/2869732
983,http://www.jstor.org/stable/3844307
986,http://www.jstor.org/stable/2869864
990,http://www.jstor.org/stable/2866952
992,http://www.jstor.org/stable/2867243
993,http://www.jstor.org/stable/2866205
994,http://www.jstor.org/stable/2868858
995,http://www.jstor.org/stable/2868799
996,http://www.jstor.org/stable/2869165
1014,http://www.jstor.org/stable/2869523
1016,http://www.jstor.org/stable/2866653
1022,http://www.jstor.org/stable/2870752
1029,http://www.jstor.org/stable/2870006
1030,http://www.jstor.org/stable/2866855
1031,http://www.jstor.org/stable/2869083
1036,http://www.jstor.org/stable/2902234
1037,http://www.jstor.org/stable/2868018
1041,http://www.jstor.org/stable/40985591
1050,http://www.jstor.org/stable/2868328
1053,http://www.jstor.org/stable/2867580
1054,http://www.jstor.org/stable/2866964
1055,http://www.jstor.org/stable/2868806
1057,http://www.jstor.org/stable/2869122
1066,http://www.jstor.org/stable/2866068
1067,http://www.jstor.org/stable/2869609
1068,http://www.jstor.org/stable/2867910
1072,http://www.jstor.org/stable/2868135
1073,http://www.jstor.org/stable/2868318
1074,http://www.jstor.org/stable/2902235
1078,http://www.jstor.org/stable/2870161
1086,http://www.jstor.org/stable/2869176
1090,http://www.jstor.org/stable/41679747
1091,http://www.jstor.org/stable/2866433
1101,http://www.jstor.org/stable/2870952
1107,http://www.jstor.org/stable/2866153
1108,http://www.jstor.org/stable/2869074
1110,http://www.jstor.org/stable/2869599
1112,http://www.jstor.org/stable/2870445
1115,http://www.jstor.org/stable/2902153
1119,http://www.jstor.org/stable/2868471
1126,http://www.jstor.org/stable/2867918
1128,http://www.jstor.org/stable/2866654
1129,http://www.jstor.org/stable/2868740
1136,http://www.jstor.org/stable/2871420
1138,http://www.jstor.org/stable/2867882
1141,http://www.jstor.org/stable/44990259
1145,http://www.jstor.org/stable/40468383
1146,http://www.jstor.org/stable/2868324
1148,http://www.jstor.org/stable/2868398
1150,http://www.jstor.org/stable/2870997
1151,http://www.jstor.org/stable/2870480
1156,http://www.jstor.org/stable/2866333
1157,http://www.jstor.org/stable/2867953
1158,http://www.jstor.org/stable/2868700
1162,http://www.jstor.org/stable/2870725
1164,http://www.jstor.org/stable/2871192
1170,http://www.jstor.org/stable/2868882
1175,http://www.jstor.org/stable/2869515
1177,http://www.jstor.org/stable/2867702
1181,http://www.jstor.org/stable/2869779
1189,http://www.jstor.org/stable/2869539
1192,http://www.jstor.org/stable/2902322
1207,http://www.jstor.org/stable/2868270
1208,http://www.jstor.org/stable/2869198
1209,http://www.jstor.org/stable/2870844
1210,http://www.jstor.org/stable/2870232
1211,http://www.jstor.org/stable/2870013
1216,http://www.jstor.org/stable/3844026
1218,http://www.jstor.org/stable/2869329
1226,http://www.jstor.org/stable/44990805
1228,http://www.jstor.org/stable/2870817
1229,http://www.jstor.org/stable/2867267
1232,http://www.jstor.org/stable/3844076
1235,http://www.jstor.org/stable/2870705
1239,http://www.jstor.org/stable/2869472
1245,http://www.jstor.org/stable/2870609
1249,http://www.jstor.org/stable/3844133
1254,http://www.jstor.org/stable/2870218
1262,http://www.jstor.org/stable/2868321
1264,http://www.jstor.org/stable/40731139
1276,http://www.jstor.org/stable/2867513
1280,http://www.jstor.org/stable/2868376
1282,http://www.jstor.org/stable/2902238
1284,http://www.jstor.org/stable/24778572
1286,http://www.jstor.org/stable/2866928
1287,http://www.jstor.org/stable/2871100
1288,http://www.jstor.org/stable/2871378
1293,http://www.jstor.org/stable/2866894
1295,http://www.jstor.org/stable/3648686
1296,http://www.jstor.org/stable/2871045
1307,http://www.jstor.org/stable/2867894
1310,http://www.jstor.org/stable/2866423
1311,http://www.jstor.org/stable/2871204
1317,http://www.jstor.org/stable/2871139
1322,http://www.jstor.org/stable/2869289
1325,http://www.jstor.org/stable/2868761
1328,http://www.jstor.org/stable/2902109
1334,http://www.jstor.org/stable/2866250
1343,http://www.jstor.org/stable/2866616
1344,http://www.jstor.org/stable/2870376
1356,http://www.jstor.org/stable/2866785
1360,http://www.jstor.org/stable/2870953
1361,http://www.jstor.org/stable/2869400
1363,http://www.jstor.org/stable/2868262
1366,http://www.jstor.org/stable/2867202
1368,http://www.jstor.org/stable/2902323
1369,http://www.jstor.org/stable/2870677
1370,http://www.jstor.org/stable/44990247
1378,http://www.jstor.org/stable/2867260
1381,http://www.jstor.org/stable/2871231
1384,http://www.jstor.org/stable/2866475
1387,http://www.jstor.org/stable/2870087
1393,http://www.jstor.org/stable/2902205
1394,http://www.jstor.org/stable/2870863
1406,http://www.jstor.org/stable/3648670
1407,http://www.jstor.org/stable/2868094
1417,http://www.jstor.org/stable/2866523
1424,http://www.jstor.org/stable/2871217
1426,http://www.jstor.org/stable/2868884
1430,http://www.jstor.org/stable/2869261
1441,http://www.jstor.org/stable/2868912
1445,http://www.jstor.org/stable/2867738
1451,http://www.jstor.org/stable/2868654
1452,http://www.jstor.org/stable/2868281
1455,http://www.jstor.org/stable/3844120
1457,http://www.jstor.org/stable/2867722
1460,http://www.jstor.org/stable/2871118
1462,http://www.jstor.org/stable/40210320
1463,http://www.jstor.org/stable/2867098
1469,http://www.jstor.org/stable/2870776
1472,http://www.jstor.org/stable/2868655
1476,http://www.jstor.org/stable/2868959
1477,http://www.jstor.org/stable/4624955
1484,http://www.jstor.org/stable/41679770
1486,http://www.jstor.org/stable/2870611
1487,http://www.jstor.org/stable/2869319
1489,http://www.jstor.org/stable/2871120
1497,http://www.jstor.org/stable/2902131
1499,http://www.jstor.org/stable/3844266
1501,http://www.jstor.org/stable/2871298
1506,http://www.jstor.org/stable/2870586
1510,http://www.jstor.org/stable/3648699
1515,http://www.jstor.org/stable/2866435
1516,http://www.jstor.org/stable/3648646
1518,http://www.jstor.org/stable/2868355
1525,http://www.jstor.org/stable/2871169
1530,http://www.jstor.org/stable/2869023
1537,http://www.jstor.org/stable/2871040
1540,http://www.jstor.org/stable/2866436
1541,http://www.jstor.org/stable/2866748
1543,http://www.jstor.org/stable/4123496
1544,http://www.jstor.org/stable/2868850
1568,http://www.jstor.org/stable/2868797
1570,http://www.jstor.org/stable/2867331
1592,http://www.jstor.org/stable/2867985
1593,http://www.jstor.org/stable/2868466
1600,http://www.jstor.org/stable/2870824
1601,http://www.jstor.org/stable/3844287
1602,http://www.jstor.org/stable/2867206
1611,http://www.jstor.org/stable/2867955
1613,http://www.jstor.org/stable/2870399
1614,http://www.jstor.org/stable/2867830
1618,http://www.jstor.org/stable/44990755
1627,http://www.jstor.org/stable/2870286
1628,http://www.jstor.org/stable/2869608
1629,http://www.jstor.org/stable/44990244
1634,http://www.jstor.org/stable/2870566
1659,http://www.jstor.org/stable/2866020
1665,http://www.jstor.org/stable/2868614
1668,http://www.jstor.org/stable/2866119
1671,http://www.jstor.org/stable/2867890
1673,http://www.jstor.org/stable/2866280
1676,http://www.jstor.org/stable/2869575
1680,http://www.jstor.org/stable/2871377
1681,http://www.jstor.org/stable/2870532
1682,http://www.jstor.org/stable/2868852
1683,http://www.jstor.org/stable/40210278
1696,http://www.jstor.org/stable/2870818
1699,http://www.jstor.org/stable/2866393
1700,http://www.jstor.org/stable/2866727
1707,http://www.jstor.org/stable/2866920
1715,http://www.jstor.org/stable/3844119
1724,http://www.jstor.org/stable/2870317
1727,http://www.jstor.org/stable/2869444
1729,http://www.jstor.org/stable/2866991
1735,http://www.jstor.org/stable/2868543
1737,http://www.jstor.org/stable/24778584
1742,http://www.jstor.org/stable/2870086
1743,http://www.jstor.org/stable/2871135
1750,http://www.jstor.org/stable/2869997
1754,http://www.jstor.org/stable/2868010
1755,http://www.jstor.org/stable/2871020
1758,http://www.jstor.org/stable/2866791
1760,http://www.jstor.org/stable/2870103
1761,http://www.jstor.org/stable/2870009
1762,http://www.jstor.org/stable/2870530
1765,http://www.jstor.org/stable/2870901
1767,http://www.jstor.org/stable/2867587
1768,http://www.jstor.org/stable/2867061
1771,http://www.jstor.org/stable/2868849
1773,http://www.jstor.org/stable/2867385
1776,http://www.jstor.org/stable/2869370
1780,http://www.jstor.org/stable/2867063
1782,http://www.jstor.org/stable/2868424
1784,http://www.jstor.org/stable/2866301
1785,http://www.jstor.org/stable/2870428
1788,http://www.jstor.org/stable/2867016
1794,http://www.jstor.org/stable/24778439
1797,http://www.jstor.org/stable/2866203
1800,http://www.jstor.org/stable/2869478
1809,http://www.jstor.org/stable/2870881
1810,http://www.jstor.org/stable/3844024
1811,http://www.jstor.org/stable/2870652
1812,http://www.jstor.org/stable/3844082
1819,http://www.jstor.org/stable/2868353
1826,http://www.jstor.org/stable/2868402
1832,http://www.jstor.org/stable/2868169
1835,http://www.jstor.org/stable/2871136
1837,http://www.jstor.org/stable/2869757
1839,http://www.jstor.org/stable/3844236
1843,http://www.jstor.org/stable/3844344
1845,http://www.jstor.org/stable/2902152
1848,http://www.jstor.org/stable/2871048
1853,http://www.jstor.org/stable/3844149
1858,http://www.jstor.org/stable/2870560
1859,http://www.jstor.org/stable/2869689
1863,http://www.jstor.org/stable/2871252
1864,http://www.jstor.org/stable/2870430
1871,http://www.jstor.org/stable/40985587
1873,http://www.jstor.org/stable/3844240
1876,http://www.jstor.org/stable/2869262
1882,http://www.jstor.org/stable/2868235
1884,http://www.jstor.org/stable/2868575
1886,http://www.jstor.org/stable/2869674
1887,http://www.jstor.org/stable/2870846
1890,http://www.jstor.org/stable/2870190
1897,http://www.jstor.org/stable/2869071
1903,http://www.jstor.org/stable/2870109
1904,http://www.jstor.org/stable/2869107
1908,http://www.jstor.org/stable/2867129
1911,http://www.jstor.org/stable/2870423
1921,http://www.jstor.org/stable/2868385
1923,http://www.jstor.org/stable/2902359
1924,http://www.jstor.org/stable/2868804
1925,http://www.jstor.org/stable/40985628
1926,http://www.jstor.org/stable/2866655
1936,http://www.jstor.org/stable/2870802
1945,http://www.jstor.org/stable/2871423
1956,http://www.jstor.org/stable/2871421
1961,http://www.jstor.org/stable/2869137
1964,http://www.jstor.org/stable/41350153
1967,http://www.jstor.org/stable/41679745
1968,http://www.jstor.org/stable/2867879
1971,http://www.jstor.org/stable/2866857
1978,http://www.jstor.org/stable/44991483
1988,http://www.jstor.org/stable/2866849
1996,http://www.jstor.org/stable/2869887
1997,http://www.jstor.org/stable/2869080
2001,http://www.jstor.org/stable/24778437
2009,http://www.jstor.org/stable/2866792
2012,http://www.jstor.org/stable/2868648
2015,http://www.jstor.org/stable/4624993
2016,http://www.jstor.org/stable/2870531
2017,http://www.jstor.org/stable/2867805
2019,http://www.jstor.org/stable/40731137
2021,http://www.jstor.org/stable/2868726
2023,http://www.jstor.org/stable/40731136
2027,http://www.jstor.org/stable/41679771
2029,http://www.jstor.org/stable/2866161
2034,http://www.jstor.org/stable/2866613
2039,http://www.jstor.org/stable/2867456
2040,http://www.jstor.org/stable/40731156
2044,http://www.jstor.org/stable/2867740
2046,http://www.jstor.org/stable/2867333
2049,http://www.jstor.org/stable/2869696
2050,http://www.jstor.org/stable/4624954
2056,http://www.jstor.org/stable/2870879
2060,http://www.jstor.org/stable/2870375
2063,http://www.jstor.org/stable/3648683
2065,http://www.jstor.org/stable/2869160
2067,http://www.jstor.org/stable/2870460
2070,http://www.jstor.org/stable/41350154
2074,http://www.jstor.org/stable/40468419
2077,http://www.jstor.org/stable/2866049
2091,http://www.jstor.org/stable/2870380
2092,http://www.jstor.org/stable/2866477
2095,http://www.jstor.org/stable/2902155
2110,http://www.jstor.org/stable/2869659
2113,http://www.jstor.org/stable/2870219
2116,http://www.jstor.org/stable/2866914
2127,http://www.jstor.org/stable/3648682
2129,http://www.jstor.org/stable/2902280
2131,http://www.jstor.org/stable/2866167
2144,http://www.jstor.org/stable/2867091
2146,http://www.jstor.org/stable/40210263
2151,http://www.jstor.org/stable/2868214
2157,http://www.jstor.org/stable/2869788
2165,http://www.jstor.org/stable/2870505
2167,http://www.jstor.org/stable/2869399
2172,http://www.jstor.org/stable/40468380
2179,http://www.jstor.org/stable/3648669
2186,http://www.jstor.org/stable/2866677
2189,http://www.jstor.org/stable/2868236
2191,http://www.jstor.org/stable/2868637
2192,http://www.jstor.org/stable/2867301
2193,http://www.jstor.org/stable/40985626
2194,http://www.jstor.org/stable/2867430
2195,http://www.jstor.org/stable/2870057
2196,http://www.jstor.org/stable/2866300
2202,http://www.jstor.org/stable/2867881
2204,http://www.jstor.org/stable/2867700
2209,http://www.jstor.org/stable/2867602
2211,http://www.jstor.org/stable/2867696
2213,http://www.jstor.org/stable/2867901
2218,http://www.jstor.org/stable/2869143
2224,http://www.jstor.org/stable/2868097
2225,http://www.jstor.org/stable/2869657
2229,http://www.jstor.org/stable/2871232
2243,http://www.jstor.org/stable/2868301
2246,http://www.jstor.org/stable/2868524
2249,http://www.jstor.org/stable/3844039
2253,http://www.jstor.org/stable/2870612
2257,http://www.jstor.org/stable/2870463
2262,http://www.jstor.org/stable/2867556
2264,http://www.jstor.org/stable/2868460
2265,http://www.jstor.org/stable/2869966
2273,http://www.jstor.org/stable/2867604
2285,http://www.jstor.org/stable/2871000
2287,http://www.jstor.org/stable/3648648
2296,http://www.jstor.org/stable/24778511
2298,http://www.jstor.org/stable/2867915
2300,http://www.jstor.org/stable/2868264
2302,http://www.jstor.org/stable/2869532
2304,http://www.jstor.org/stable/2869927
2306,http://www.jstor.org/stable/2868351
2308,http://www.jstor.org/stable/2868540
2309,http://www.jstor.org/stable/3844216
2310,http://www.jstor.org/stable/2868737
2313,http://www.jstor.org/stable/2869999
2317,http://www.jstor.org/stable/2868088
2320,http://www.jstor.org/stable/2867716
2321,http://www.jstor.org/stable/2868653
2336,http://www.jstor.org/stable/2867268
2339,http://www.jstor.org/stable/2869610
2340,http://www.jstor.org/stable/4123515
2342,http://www.jstor.org/stable/2867975
2343,http://www.jstor.org/stable/2870959
2349,http://www.jstor.org/stable/2867136
2351,http://www.jstor.org/stable/2867487
2360,http://www.jstor.org/stable/2866469
2364,http://www.jstor.org/stable/41350171
2368,http://www.jstor.org/stable/2869988
2370,http://www.jstor.org/stable/2867204
2371,http://www.jstor.org/stable/2870864
2375,http://www.jstor.org/stable/2868599
2378,http://www.jstor.org/stable/4625010
2379,http://www.jstor.org/stable/2868601
2383,http://www.jstor.org/stable/2869265
2391,http://www.jstor.org/stable/2867703
2400,http://www.jstor.org/stable/2870774
2406,http://www.jstor.org/stable/2870001
2415,http://www.jstor.org/stable/2870108
2420,http://www.jstor.org/stable/2870655
2421,http://www.jstor.org/stable/2867227
2435,http://www.jstor.org/stable/2869890
2441,http://www.jstor.org/stable/2869293
2443,http://www.jstor.org/stable/2869471
2445,http://www.jstor.org/stable/3844071
2447,http://www.jstor.org/stable/4624956
2451,http://www.jstor.org/stable/2870585
2452,http://www.jstor.org/stable/2869338
2468,http://www.jstor.org/stable/2867483
2472,http://www.jstor.org/stable/2867426
2475,http://www.jstor.org/stable/2870145
2476,http://www.jstor.org/stable/2869662
2483,http://www.jstor.org/stable/2871060
2486,http://www.jstor.org/stable/2868906
2496,http://www.jstor.org/stable/2871058
2498,http://www.jstor.org/stable/2868576
2504,http://www.jstor.org/stable/2870126
2506,http://www.jstor.org/stable/2869960
2508,http://www.jstor.org/stable/2867981
2509,http://www.jstor.org/stable/2867261
2512,http://www.jstor.org/stable/2869926
2513,http://www.jstor.org/stable/2869889
2515,http://www.jstor.org/stable/2869463
2521,http://www.jstor.org/stable/2867235
2522,http://www.jstor.org/stable/2870226
2523,http://www.jstor.org/stable/2869552
2529,http://www.jstor.org/stable/2871171
2532,http://www.jstor.org/stable/2868640
2534,http://www.jstor.org/stable/2870630
2538,http://www.jstor.org/stable/2866395
2549,http://www.jstor.org/stable/44990654
2551,http://www.jstor.org/stable/23025647
2555,http://www.jstor.org/stable/2902278
2561,http://www.jstor.org/stable/2869767
2565,http://www.jstor.org/stable/2866652
2566,http://www.jstor.org/stable/2869066
2568,http://www.jstor.org/stable/2866415
2569,http://www.jstor.org/stable/2870930
2580,http://www.jstor.org/stable/2869025
2585,http://www.jstor.org/stable/2869103
2592,http://www.jstor.org/stable/2867455
2594,http://www.jstor.org/stable/2867340
2596,http://www.jstor.org/stable/2869683
2597,http://www.jstor.org/stable/2869688
2601,http://www.jstor.org/stable/2870400
2603,http://www.jstor.org/stable/2870865
2605,http://www.jstor.org/stable/2869005
2606,http://www.jstor.org/stable/2867898
2608,http://www.jstor.org/stable/2867959
2612,http://www.jstor.org/stable/2868658
2614,http://www.jstor.org/stable/3844075
2615,http://www.jstor.org/stable/2871196
2623,http://www.jstor.org/stable/2866696
2628,http://www.jstor.org/stable/2868736
2629,http://www.jstor.org/stable/2869658
2631,http://www.jstor.org/stable/2868383
2632,http://www.jstor.org/stable/2869105
2634,http://www.jstor.org/stable/40731159
2636,http://www.jstor.org/stable/41350170
2642,http://www.jstor.org/stable/2866865
2643,http://www.jstor.org/stable/2869718
2645,http://www.jstor.org/stable/2868266
2647,http://www.jstor.org/stable/2870627
2649,http://www.jstor.org/stable/24778557
2650,http://www.jstor.org/stable/2870007
2658,http://www.jstor.org/stable/23025619
2661,http://www.jstor.org/stable/3844150
2664,http://www.jstor.org/stable/3844345
2668,http://www.jstor.org/stable/40210262
2674,http://www.jstor.org/stable/3844200
2675,http://www.jstor.org/stable/2868757
2683,http://www.jstor.org/stable/40210277
2692,http://www.jstor.org/stable/3844073
2695,http://www.jstor.org/stable/3844219
2699,http://www.jstor.org/stable/2902362
2702,http://www.jstor.org/stable/2902258
2704,http://www.jstor.org/stable/3844304
2706,http://www.jstor.org/stable/2867297
2707,http://www.jstor.org/stable/2866419
2711,http://www.jstor.org/stable/2868305
2712,http://www.jstor.org/stable/2869466
2721,http://www.jstor.org/stable/2867601
2723,http://www.jstor.org/stable/24778571
2725,http://www.jstor.org/stable/2866496
2726,http://www.jstor.org/stable/2869773
2733,http://www.jstor.org/stable/24778512
2734,http://www.jstor.org/stable/2869474
2738,http://www.jstor.org/stable/2868574
2741,http://www.jstor.org/stable/2869954
2742,http://www.jstor.org/stable/2868354
2745,http://www.jstor.org/stable/2866953
2753,http://www.jstor.org/stable/2870364
2754,http://www.jstor.org/stable/2868467
2760,http://www.jstor.org/stable/2870908
2774,http://www.jstor.org/stable/3844238
2775,http://www.jstor.org/stable/2870707
2777,http://www.jstor.org/stable/2868881
2781,http://www.jstor.org/stable/2869357
2782,http://www.jstor.org/stable/3844306
2783,http://www.jstor.org/stable/2866685
2789,http://www.jstor.org/stable/2867731
2791,http://www.jstor.org/stable/2868735
2793,http://www.jstor.org/stable/2870102
2795,http://www.jstor.org/stable/2867829
2796,http://www.jstor.org/stable/2868961
2800,http://www.jstor.org/stable/2866892
2803,http://www.jstor.org/stable/3844305
2822,http://www.jstor.org/stable/2870184
2823,http://www.jstor.org/stable/2871293
2828,http://www.jstor.org/stable/2870378
2835,http://www.jstor.org/stable/44990811
2836,http://www.jstor.org/stable/3844285
2849,http://www.jstor.org/stable/2870454
2853,http://www.jstor.org/stable/2870124
2854,http://www.jstor.org/stable/40468402
2856,http://www.jstor.org/stable/2866752
2861,http://www.jstor.org/stable/2866166
2862,http://www.jstor.org/stable/2871101
2869,http://www.jstor.org/stable/41350156
2879,http://www.jstor.org/stable/2871154
2881,http://www.jstor.org/stable/2869772
2882,http://www.jstor.org/stable/2869402
2884,http://www.jstor.org/stable/2869934
2896,http://www.jstor.org/stable/3648668
2899,http://www.jstor.org/stable/2869406
2901,http://www.jstor.org/stable/2869832
2903,http://www.jstor.org/stable/2867233
2909,http://www.jstor.org/stable/2866965
2911,http://www.jstor.org/stable/2866893
2914,http://www.jstor.org/stable/2870963
2918,http://www.jstor.org/stable/2868212
2923,http://www.jstor.org/stable/2868428
2924,http://www.jstor.org/stable/2871236
2927,http://www.jstor.org/stable/2869145
2932,http://www.jstor.org/stable/23025648
2934,http://www.jstor.org/stable/3844217
2941,http://www.jstor.org/stable/23025649
2944,http://www.jstor.org/stable/2902261
2946,http://www.jstor.org/stable/2871379
2949,http://www.jstor.org/stable/2867207
2950,http://www.jstor.org/stable/2871102
2951,http://www.jstor.org/stable/2867025
2955,http://www.jstor.org/stable/2868851
2958,http://www.jstor.org/stable/2870444
2960,http://www.jstor.org/stable/2866926
2966,http://www.jstor.org/stable/2866961
2968,http://www.jstor.org/stable/2866169
2976,http://www.jstor.org/stable/2869475
2982,http://www.jstor.org/stable/2870608
2983,http://www.jstor.org/stable/2867628
2984,http://www.jstor.org/stable/2867023
2987,http://www.jstor.org/stable/2866357
2989,http://www.jstor.org/stable/40210261
2990,http://www.jstor.org/stable/2870287
2995,http://www.jstor.org/stable/2869796
2997,http://www.jstor.org/stable/2867131
3009,http://www.jstor.org/stable/2869365
3015,http://www.jstor.org/stable/2867103
3016,http://www.jstor.org/stable/2870548
3021,http://www.jstor.org/stable/2870487
3027,http://www.jstor.org/stable/2869113
3030,http://www.jstor.org/stable/41350168
3032,http://www.jstor.org/stable/2870730
3042,http://www.jstor.org/stable/2867018
3047,http://www.jstor.org/stable/2866228
3050,http://www.jstor.org/stable/2870799
3053,http://www.jstor.org/stable/2869856
3058,http://www.jstor.org/stable/2869858
3063,http://www.jstor.org/stable/2867831
3068,http://www.jstor.org/stable/2868320
3073,http://www.jstor.org/stable/3844055
3076,http://www.jstor.org/stable/2869844
3079,http://www.jstor.org/stable/2870274
3081,http://www.jstor.org/stable/2867417
3084,http://www.jstor.org/stable/2902108
3085,http://www.jstor.org/stable/2869167
3095,http://www.jstor.org/stable/2867262
3096,http://www.jstor.org/stable/2866476
3097,http://www.jstor.org/stable/2871292
3100,http://www.jstor.org/stable/2867134
3101,http://www.jstor.org/stable/2870304
3115,http://www.jstor.org/stable/2902185
3118,http://www.jstor.org/stable/40731154
3119,http://www.jstor.org/stable/2870951
3120,http://www.jstor.org/stable/2870058
3122,http://www.jstor.org/stable/2867137
3124,http://www.jstor.org/stable/2868573
3125,http://www.jstor.org/stable/2869360
3127,http://www.jstor.org/stable/2867908
3128,http://www.jstor.org/stable/40210297
3129,http://www.jstor.org/stable/3844118
3130,http://www.jstor.org/stable/2869778
3144,http://www.jstor.org/stable/2868493
3145,http://www.jstor.org/stable/2868825
3149,http://www.jstor.org/stable/40468379
3158,http://www.jstor.org/stable/2868062
3166,http://www.jstor.org/stable/2871051
3177,http://www.jstor.org/stable/2867659
3178,http://www.jstor.org/stable/2870024
3181,http://www.jstor.org/stable/4123511
3191,http://www.jstor.org/stable/2866425
3203,http://www.jstor.org/stable/4625011
3206,http://www.jstor.org/stable/2867990
3211,http://www.jstor.org/stable/2869924
3216,http://www.jstor.org/stable/2866174
3217,http://www.jstor.org/stable/40468417
3224,http://www.jstor.org/stable/3844135
3229,http://www.jstor.org/stable/2866788
3230,http://www.jstor.org/stable/2870398
3234,http://www.jstor.org/stable/2868996
3240,http://www.jstor.org/stable/2868527
3241,http://www.jstor.org/stable/2867228
3243,http://www.jstor.org/stable/2867092
3250,http://www.jstor.org/stable/2868057
3254,http://www.jstor.org/stable/2867877
3258,http://www.jstor.org/stable/2867947
3261,http://www.jstor.org/stable/2869398
3262,http://www.jstor.org/stable/2869499
3263,http://www.jstor.org/stable/2870651
3265,http://www.jstor.org/stable/2869106
3266,http://www.jstor.org/stable/2870529
3276,http://www.jstor.org/stable/2870311
3278,http://www.jstor.org/stable/2870557
3284,http://www.jstor.org/stable/2866342
3287,http://www.jstor.org/stable/2867515
3290,http://www.jstor.org/stable/2868596
3291,http://www.jstor.org/stable/2868855
3293,http://www.jstor.org/stable/3648697
3295,http://www.jstor.org/stable/2902298
3297,http://www.jstor.org/stable/2868138
3303,http://www.jstor.org/stable/2868759
3308,http://www.jstor.org/stable/2868382
3309,http://www.jstor.org/stable/2866073
3313,http://www.jstor.org/stable/2866273
3314,http://www.jstor.org/stable/2869197
3322,http://www.jstor.org/stable/2869879
3334,http://www.jstor.org/stable/2869777
3335,http://www.jstor.org/stable/24778555
3340,http://www.jstor.org/stable/2870676
3346,http://www.jstor.org/stable/2902111
3347,http://www.jstor.org/stable/2866417
3349,http://www.jstor.org/stable/2868710
3351,http://www.jstor.org/stable/2902207
3361,http://www.jstor.org/stable/3648667
3362,http://www.jstor.org/stable/2867176
3363,http://www.jstor.org/stable/2868725
3364,http://www.jstor.org/stable/2870998
3367,http://www.jstor.org/stable/2867291
3374,http://www.jstor.org/stable/2868405
3375,http://www.jstor.org/stable/2868063
3376,http://www.jstor.org/stable/2868801
3385,http://www.jstor.org/stable/2866474
3390,http://www.jstor.org/stable/2902135
3398,http://www.jstor.org/stable/2869359
3402,http://www.jstor.org/stable/2870456
3403,http://www.jstor.org/stable/3844239
3405,http://www.jstor.org/stable/2871280
3408,http://www.jstor.org/stable/2869859
3411,http://www.jstor.org/stable/2868888
3413,http://www.jstor.org/stable/2869081
3414,http://www.jstor.org/stable/2867844
3415,http://www.jstor.org/stable/41679749
3416,http://www.jstor.org/stable/2869526
3417,http://www.jstor.org/stable/3844027
3418,http://www.jstor.org/stable/2867457
3420,http://www.jstor.org/stable/3844074
3424,http://www.jstor.org/stable/24778477
3426,http://www.jstor.org/stable/2870628
3435,http://www.jstor.org/stable/4123494
3437,http://www.jstor.org/stable/2868173
3438,http://www.jstor.org/stable/2902113
3442,http://www.jstor.org/stable/2870678
3443,http://www.jstor.org/stable/3844286
3446,http://www.jstor.org/stable/2869079
3448,http://www.jstor.org/stable/2866931
3450,http://www.jstor.org/stable/2868060
3451,http://www.jstor.org/stable/2868378
3453,http://www.jstor.org/stable/2867809
3457,http://www.jstor.org/stable/2867329
3459,http://www.jstor.org/stable/2869963
3461,http://www.jstor.org/stable/2869473
3462,http://www.jstor.org/stable/2868707
3466,http://www.jstor.org/stable/2870845
3474,http://www.jstor.org/stable/2870452
3476,http://www.jstor.org/stable/2868172
3480,http://www.jstor.org/stable/23025617
3483,http://www.jstor.org/stable/2870957
3485,http://www.jstor.org/stable/2867837
3487,http://www.jstor.org/stable/2868534
3489,http://www.jstor.org/stable/2867551
3490,http://www.jstor.org/stable/2869170
3493,http://www.jstor.org/stable/2870631
3498,http://www.jstor.org/stable/2870484
3503,http://www.jstor.org/stable/2867631
3507,http://www.jstor.org/stable/2871207
3508,http://www.jstor.org/stable/41679772
3509,http://www.jstor.org/stable/41350169
3511,http://www.jstor.org/stable/2867127
3512,http://www.jstor.org/stable/2870650
3513,http://www.jstor.org/stable/2868682
3514,http://www.jstor.org/stable/24778457
3515,http://www.jstor.org/stable/2870751
3522,http://www.jstor.org/stable/2869240
3523,http://www.jstor.org/stable/41350167
3528,http://www.jstor.org/stable/2870067
3536,http://www.jstor.org/stable/2870188
3537,http://www.jstor.org/stable/2870336
3542,http://www.jstor.org/stable/2870365
3543,http://www.jstor.org/stable/2870337
3544,http://www.jstor.org/stable/2867863
3552,http://www.jstor.org/stable/2867811
3560,http://www.jstor.org/stable/2868885
3564,http://www.jstor.org/stable/2867555
3568,http://www.jstor.org/stable/2869247
3570,http://www.jstor.org/stable/2868536
3571,http://www.jstor.org/stable/2866108
3580,http://www.jstor.org/stable/2869759
3582,http://www.jstor.org/stable/2866742
3590,http://www.jstor.org/stable/2867603
3595,http://www.jstor.org/stable/4624994
3596,http://www.jstor.org/stable/2871157
3598,http://www.jstor.org/stable/2866013
3606,http://www.jstor.org/stable/24778458
3607,http://www.jstor.org/stable/2868826
3611,http://www.jstor.org/stable/2866200
3614,http://www.jstor.org/stable/3844321
3620,http://www.jstor.org/stable/3844077
3622,http://www.jstor.org/stable/2871251
3632,http://www.jstor.org/stable/2902183
3637,http://www.jstor.org/stable/2866606
3638,http://www.jstor.org/stable/2869596
3644,http://www.jstor.org/stable/2870401
3647,http://www.jstor.org/stable/2867893
3648,http://www.jstor.org/stable/2869314
3656,http://www.jstor.org/stable/2867296
3662,http://www.jstor.org/stable/2869501
3663,http://www.jstor.org/stable/2902282
3664,http://www.jstor.org/stable/2870887
3668,http://www.jstor.org/stable/2870806
3669,http://www.jstor.org/stable/2868271
3670,http://www.jstor.org/stable/2869661
3676,http://www.jstor.org/stable/2866079
3679,http://www.jstor.org/stable/2866550
3686,http://www.jstor.org/stable/2867992
3696,http://www.jstor.org/stable/2870590
3697,http://www.jstor.org/stable/2870104
3698,http://www.jstor.org/stable/2868824
3699,http://www.jstor.org/stable/45023521
3707,http://www.jstor.org/stable/2869146
3713,http://www.jstor.org/stable/3844237
3716,http://www.jstor.org/stable/2869216
3720,http://www.jstor.org/stable/23025629
3723,http://www.jstor.org/stable/2867982
3725,http://www.jstor.org/stable/2868879
3727,http://www.jstor.org/stable/2868528
3728,http://www.jstor.org/stable/2868089
3736,http://www.jstor.org/stable/2868972
3738,http://www.jstor.org/stable/2869082
3748,http://www.jstor.org/stable/2868313
3755,http://www.jstor.org/stable/41350157
3756,http://www.jstor.org/stable/2871122
3757,http://www.jstor.org/stable/2870217
3760,http://www.jstor.org/stable/2869932
3761,http://www.jstor.org/stable/2870069
3767,http://www.jstor.org/stable/2868309
3771,http://www.jstor.org/stable/2868182
3775,http://www.jstor.org/stable/2867630
3777,http://www.jstor.org/stable/2869245
3779,http://www.jstor.org/stable/2869200
3780,http://www.jstor.org/stable/2867431
3781,http://www.jstor.org/stable/2867897
3785,http://www.jstor.org/stable/23025632
3789,http://www.jstor.org/stable/2868399
3797,http://www.jstor.org/stable/2866929
3802,http://www.jstor.org/stable/40985590
3803,http://www.jstor.org/stable/2866497
3809,http://www.jstor.org/stable/2869508
3810,http://www.jstor.org/stable/2869147
3815,http://www.jstor.org/stable/44991486
3817,http://www.jstor.org/stable/4624995
3832,http://www.jstor.org/stable/2870866
3838,http://www.jstor.org/stable/2869371
3840,http://www.jstor.org/stable/2870726
3848,http://www.jstor.org/stable/2868342
3850,http://www.jstor.org/stable/2868423
3852,http://www.jstor.org/stable/2871400
3856,http://www.jstor.org/stable/2870706
3858,http://www.jstor.org/stable/3844267
3860,http://www.jstor.org/stable/2870507
3863,http://www.jstor.org/stable/2870528
3864,http://www.jstor.org/stable/2870247
3867,http://www.jstor.org/stable/2868384
3876,http://www.jstor.org/stable/2866426
3879,http://www.jstor.org/stable/2871381
3882,http://www.jstor.org/stable/2867895
3883,http://www.jstor.org/stable/2869925
3887,http://www.jstor.org/stable/23025631
3889,http://www.jstor.org/stable/2869246
3891,http://www.jstor.org/stable/2866201
3904,http://www.jstor.org/stable/2870815
3912,http://www.jstor.org/stable/2871049
3919,http://www.jstor.org/stable/2870338
3920,http://www.jstor.org/stable/2869956
3929,http://www.jstor.org/stable/2871137
3939,http://www.jstor.org/stable/2869711
3942,http://www.jstor.org/stable/2866891
3948,http://www.jstor.org/stable/2870225
3950,http://www.jstor.org/stable/2868854
3956,http://www.jstor.org/stable/2869886
3957,http://www.jstor.org/stable/2869367
3960,http://www.jstor.org/stable/2870509
3969,http://www.jstor.org/stable/2867827
3971,http://www.jstor.org/stable/2867733
3972,http://www.jstor.org/stable/2867838
3984,http://www.jstor.org/stable/2866617
3985,http://www.jstor.org/stable/2869714
3987,http://www.jstor.org/stable/2869597
3989,http://www.jstor.org/stable/40210244
3992,http://www.jstor.org/stable/41350155
3994,http://www.jstor.org/stable/2866618
3999,http://www.jstor.org/stable/2869303
4001,http://www.jstor.org/stable/3844173
4005,http://www.jstor.org/stable/2866241
4015,http://www.jstor.org/stable/2870755
4016,http://www.jstor.org/stable/24778569
4017,http://www.jstor.org/stable/2868960
4018,http://www.jstor.org/stable/2866557
4022,http://www.jstor.org/stable/2868386
4024,http://www.jstor.org/stable/2867328
4033,http://www.jstor.org/stable/2869768
4041,http://www.jstor.org/stable/24778551
4056,http://www.jstor.org/stable/2866473
4057,http://www.jstor.org/stable/2870775
4058,http://www.jstor.org/stable/2869264
4059,http://www.jstor.org/stable/2867730
4061,http://www.jstor.org/stable/2868763
4081,http://www.jstor.org/stable/2866332
4084,http://www.jstor.org/stable/2870878
4085,http://www.jstor.org/stable/2868857
4089,http://www.jstor.org/stable/40985589
4094,http://www.jstor.org/stable/2902338
4095,http://www.jstor.org/stable/2869807
4096,http://www.jstor.org/stable/2869464
4099,http://www.jstor.org/stable/2866197
4107,http://www.jstor.org/stable/2902297
4108,http://www.jstor.org/stable/2869553
4109,http://www.jstor.org/stable/2870008
4114,http://www.jstor.org/stable/2867719
4115,http://www.jstor.org/stable/2868176
4116,http://www.jstor.org/stable/24778433
4118,http://www.jstor.org/stable/2868511
4120,http://www.jstor.org/stable/2866984
4123,http://www.jstor.org/stable/2869776
4125,http://www.jstor.org/stable/2868589
4126,http://www.jstor.org/stable/2870546
4130,http://www.jstor.org/stable/2870429
4135,http://www.jstor.org/stable/2869632
4136,http://www.jstor.org/stable/2866859
4140,http://www.jstor.org/stable/2866658
4143,http://www.jstor.org/stable/2870753
4144,http://www.jstor.org/stable/2868911
4152,http://www.jstor.org/stable/40468418
4153,http://www.jstor.org/stable/2902130
4155,http://www.jstor.org/stable/2902299
4157,http://www.jstor.org/stable/40210317
4158,http://www.jstor.org/stable/2902360
4159,http://www.jstor.org/stable/2866204
4162,http://www.jstor.org/stable/2869755
4163,http://www.jstor.org/stable/2869520
4165,http://www.jstor.org/stable/2869735
4166,http://www.jstor.org/stable/2869003
4170,http://www.jstor.org/stable/2870462
4172,http://www.jstor.org/stable/2867448
4180,http://www.jstor.org/stable/2869144
4184,http://www.jstor.org/stable/2866214
4186,http://www.jstor.org/stable/40210245
4188,http://www.jstor.org/stable/2867521
4191,http://www.jstor.org/stable/2869168
4193,http://www.jstor.org/stable/2868322
4195,http://www.jstor.org/stable/2868461
4196,http://www.jstor.org/stable/2867135
4199,http://www.jstor.org/stable/2866750
4202,http://www.jstor.org/stable/2868023
4208,http://www.jstor.org/stable/2871044
4211,http://www.jstor.org/stable/2870900
4216,http://www.jstor.org/stable/2866724
4217,http://www.jstor.org/stable/2871041
4221,http://www.jstor.org/stable/2867178
4222,http://www.jstor.org/stable/2869004
4224,http://www.jstor.org/stable/2868905
4229,http://www.jstor.org/stable/3844080
4230,http://www.jstor.org/stable/2870927
4234,http://www.jstor.org/stable/23025615
4237,http://www.jstor.org/stable/2870903
4242,http://www.jstor.org/stable/2868784
4255,http://www.jstor.org/stable/4625012
4258,http://www.jstor.org/stable/23025616
4259,http://www.jstor.org/stable/2869087
4261,http://www.jstor.org/stable/2870843
4262,http://www.jstor.org/stable/2868650
4270,http://www.jstor.org/stable/2867454
4275,http://www.jstor.org/stable/2869630
4276,http://www.jstor.org/stable/3844268
4278,http://www.jstor.org/stable/2866329
4279,http://www.jstor.org/stable/2870568
4280,http://www.jstor.org/stable/2902339
4281,http://www.jstor.org/stable/2868526
4283,http://www.jstor.org/stable/24778493
4284,http://www.jstor.org/stable/2869244
4287,http://www.jstor.org/stable/2866816
4292,http://www.jstor.org/stable/2866994
4293,http://www.jstor.org/stable/2868306
4310,http://www.jstor.org/stable/2902337
4316,http://www.jstor.org/stable/2869333
4317,http://www.jstor.org/stable/2870061
4328,http://www.jstor.org/stable/2866468
4331,http://www.jstor.org/stable/2868709
4332,http://www.jstor.org/stable/2869296
4335,http://www.jstor.org/stable/2871016
4338,http://www.jstor.org/stable/2867242
4339,http://www.jstor.org/stable/2868673
4352,http://www.jstor.org/stable/2868105
4353,http://www.jstor.org/stable/23025646
4365,http://www.jstor.org/stable/2868717
4366,http://www.jstor.org/stable/2866443
4376,http://www.jstor.org/stable/2868464
4383,http://www.jstor.org/stable/2869741
4387,http://www.jstor.org/stable/2867270
4388,http://www.jstor.org/stable/3844198
4390,http://www.jstor.org/stable/2870805
4391,http://www.jstor.org/stable/40210280
4392,http://www.jstor.org/stable/2866722
4397,http://www.jstor.org/stable/2869046
4403,http://www.jstor.org/stable/2868217
4408,http://www.jstor.org/stable/2866439
4409,http://www.jstor.org/stable/2870825
4414,http://www.jstor.org/stable/2868396
4419,http://www.jstor.org/stable/2869104
4422,http://www.jstor.org/stable/2868708
4425,http://www.jstor.org/stable/2867912
4426,http://www.jstor.org/stable/2868711
4429,http://www.jstor.org/stable/2870613
4434,http://www.jstor.org/stable/2869729
4450,http://www.jstor.org/stable/2870777
4452,http://www.jstor.org/stable/2870079
4453,http://www.jstor.org/stable/2869465
4467,http://www.jstor.org/stable/2869957
4469,http://www.jstor.org/stable/2868350
4472,http://www.jstor.org/stable/41819766
4478,http://www.jstor.org/stable/2868968
4481,http://www.jstor.org/stable/2869516
4482,http://www.jstor.org/stable/2867388
4485,http://www.jstor.org/stable/2870160
4486,http://www.jstor.org/stable/2867835
4487,http://www.jstor.org/stable/4624973
4488,http://www.jstor.org/stable/2866756
4501,http://www.jstor.org/stable/2868659
4509,http://www.jstor.org/stable/2869207
4512,http://www.jstor.org/stable/2871046
4519,http://www.jstor.org/stable/2866481
4521,http://www.jstor.org/stable/3844057
4529,http://www.jstor.org/stable/2866105
4537,http://www.jstor.org/stable/2870626
4539,http://www.jstor.org/stable/2867269
4542,http://www.jstor.org/stable/2866479
4546,http://www.jstor.org/stable/40468404
4549,http://www.jstor.org/stable/2867808
4552,http://www.jstor.org/stable/2866247
4561,http://www.jstor.org/stable/3844151
4564,http://www.jstor.org/stable/2867720
4565,http://www.jstor.org/stable/2870080
4568,http://www.jstor.org/stable/2869585
4569,http://www.jstor.org/stable/2870819
4571,http://www.jstor.org/stable/2868998
4572,http://www.jstor.org/stable/2869045
4574,http://www.jstor.org/stable/2868388
4577,http://www.jstor.org/stable/2902208
4579,http://www.jstor.org/stable/2867463
4582,http://www.jstor.org/stable/3844174
4584,http://www.jstor.org/stable/2866583
4586,http://www.jstor.org/stable/3844343
4587,http://www.jstor.org/stable/2866997
4591,http://www.jstor.org/stable/3844122
4593,http://www.jstor.org/stable/2866050
4598,http://www.jstor.org/stable/2866422
4600,http://www.jstor.org/stable/2867517
4606,http://www.jstor.org/stable/2870081
4609,http://www.jstor.org/stable/2868706
4613,http://www.jstor.org/stable/2870328
4615,http://www.jstor.org/stable/2866818
4616,http://www.jstor.org/stable/3844025
4618,http://www.jstor.org/stable/3844199
4624,http://www.jstor.org/stable/2869021
4626,http://www.jstor.org/stable/2869551
4631,http://www.jstor.org/stable/2866899
4647,http://www.jstor.org/stable/2868352
4649,http://www.jstor.org/stable/2868403
4657,http://www.jstor.org/stable/2867872
4658,http://www.jstor.org/stable/2870062
4660,http://www.jstor.org/stable/2869857
4669,http://www.jstor.org/stable/2866700
4670,http://www.jstor.org/stable/2870250
4672,http://www.jstor.org/stable/2869733
4680,http://www.jstor.org/stable/2870216
4683,http://www.jstor.org/stable/2866585
4707,http://www.jstor.org/stable/41819765
4713,http://www.jstor.org/stable/2870675
4714,http://www.jstor.org/stable/2870059
4715,http://www.jstor.org/stable/2902361
4718,http://www.jstor.org/stable/24778431
4721,http://www.jstor.org/stable/2869488
4722,http://www.jstor.org/stable/2870123
4738,http://www.jstor.org/stable/2902156
4743,http://www.jstor.org/stable/2869164
4752,http://www.jstor.org/stable/2871155
4754,http://www.jstor.org/stable/2871403
4759,http://www.jstor.org/stable/2869438
4763,http://www.jstor.org/stable/2868465
4765,http://www.jstor.org/stable/2868853
4767,http://www.jstor.org/stable/2871218
4768,http://www.jstor.org/stable/2870978
4773,http://www.jstor.org/stable/3844037
4779,http://www.jstor.org/stable/2867094
4780,http://www.jstor.org/stable/2870981
4784,http://www.jstor.org/stable/2869830
4787,http://www.jstor.org/stable/2870816
4788,http://www.jstor.org/stable/2902363
4789,http://www.jstor.org/stable/2870782
4791,http://www.jstor.org/stable/2870249
4794,http://www.jstor.org/stable/24778459
4798,http://www.jstor.org/stable/2866611
4800,http://www.jstor.org/stable/23025650
4801,http://www.jstor.org/stable/2869041
4802,http://www.jstor.org/stable/2867723
4805,http://www.jstor.org/stable/2869782
4812,http://www.jstor.org/stable/2866822
4815,http://www.jstor.org/stable/2870929
4817,http://www.jstor.org/stable/2870862
4819,http://www.jstor.org/stable/2867057
4825,http://www.jstor.org/stable/2869440
4826,http://www.jstor.org/stable/2870451
4829,http://www.jstor.org/stable/2868307
4832,http://www.jstor.org/stable/2869462
4835,http://www.jstor.org/stable/2870424
4837,http://www.jstor.org/stable/2867654
4839,http://www.jstor.org/stable/2870064
4840,http://www.jstor.org/stable/2870880
4844,http://www.jstor.org/stable/2870931
4846,http://www.jstor.org/stable/2867743
4852,http://www.jstor.org/stable/2871193
4866,http://www.jstor.org/stable/2866783
4867,http://www.jstor.org/stable/44990250
4869,http://www.jstor.org/stable/2869368
4881,http://www.jstor.org/stable/2867175
4889,http://www.jstor.org/stable/2871019
4893,http://www.jstor.org/stable/2866581
4899,http://www.jstor.org/stable/2870980
4901,http://www.jstor.org/stable/2902206
4913,http://www.jstor.org/stable/2869833
4914,http://www.jstor.org/stable/2867884
4915,http://www.jstor.org/stable/2870882
4917,http://www.jstor.org/stable/2867774
4920,http://www.jstor.org/stable/2866959
4923,http://www.jstor.org/stable/2866754
4924,http://www.jstor.org/stable/2868683
4928,http://www.jstor.org/stable/2870159
4937,http://www.jstor.org/stable/2867892
4941,http://www.jstor.org/stable/2866729
4946,http://www.jstor.org/stable/2869598
4947,http://www.jstor.org/stable/2869684
4950,http://www.jstor.org/stable/2867334
4951,http://www.jstor.org/stable/2866587
4953,http://www.jstor.org/stable/2867343
4955,http://www.jstor.org/stable/40985627
4960,http://www.jstor.org/stable/2870780
4963,http://www.jstor.org/stable/2870547
4967,http://www.jstor.org/stable/2869664
4968,http://www.jstor.org/stable/2869555
4975,http://www.jstor.org/stable/2866416
4976,http://www.jstor.org/stable/2870404
4977,http://www.jstor.org/stable/2868458
4981,http://www.jstor.org/stable/2869843
4988,http://www.jstor.org/stable/2866986
4991,http://www.jstor.org/stable/2871190
4995,http://www.jstor.org/stable/2866297
4997,http://www.jstor.org/stable/2869569
5005,http://www.jstor.org/stable/2869749
5007,http://www.jstor.org/stable/2866150
5013,http://www.jstor.org/stable/2867231
5014,http://www.jstor.org/stable/2869043
5020,http://www.jstor.org/stable/2870163
5021,http://www.jstor.org/stable/2869922
5023,http://www.jstor.org/stable/2871174
5034,http://www.jstor.org/stable/2870425
5039,http://www.jstor.org/stable/2866480
5049,http://www.jstor.org/stable/3844342
5051,http://www.jstor.org/stable/2869604
5060,http://www.jstor.org/stable/3844284
5062,http://www.jstor.org/stable/3844096
5063,http://www.jstor.org/stable/2870052
5069,http://www.jstor.org/stable/40210298
5072,http://www.jstor.org/stable/2869366
5081,http://www.jstor.org/stable/2870403
5082,http://www.jstor.org/stable/2866334
5086,http://www.jstor.org/stable/2870544
5091,http://www.jstor.org/stable/2869900
5094,http://www.jstor.org/stable/2869417
5097,http://www.jstor.org/stable/2866107
5101,http://www.jstor.org/stable/2867840
5108,http://www.jstor.org/stable/2870066
5117,http://www.jstor.org/stable/2867976
5121,http://www.jstor.org/stable/24778583
5123,http://www.jstor.org/stable/2868940
5124,http://www.jstor.org/stable/2869923
5127,http://www.jstor.org/stable/3844346
5131,http://www.jstor.org/stable/44990752
5136,http://www.jstor.org/stable/2867599
5137,http://www.jstor.org/stable/2869318
5139,http://www.jstor.org/stable/2869628
5141,http://www.jstor.org/stable/2867519
5145,http://www.jstor.org/stable/2870559
5150,http://www.jstor.org/stable/2868395
5158,http://www.jstor.org/stable/24778494
5161,http://www.jstor.org/stable/2870570
5163,http://www.jstor.org/stable/2869454
5164,http://www.jstor.org/stable/2869634
5169,http://www.jstor.org/stable/2868978
5170,http://www.jstor.org/stable/2867418
5172,http://www.jstor.org/stable/2870674
5175,http://www.jstor.org/stable/2870610
5183,http://www.jstor.org/stable/2867737
5185,http://www.jstor.org/stable/2866747
5194,http://www.jstor.org/stable/2871005
5199,http://www.jstor.org/stable/2866069
5206,http://www.jstor.org/stable/2869955
5207,http://www.jstor.org/stable/2868598
5212,http://www.jstor.org/stable/2867779
5215,http://www.jstor.org/stable/2869894
5220,http://www.jstor.org/stable/2867201
5222,http://www.jstor.org/stable/2866299
5232,http://www.jstor.org/stable/2869685
5239,http://www.jstor.org/stable/2867770
5240,http://www.jstor.org/stable/2870351
5241,http://www.jstor.org/stable/2870783
5242,http://www.jstor.org/stable/44990262
5246,http://www.jstor.org/stable/2867554
5253,http://www.jstor.org/stable/2870950
5261,http://www.jstor.org/stable/2869149
5263,http://www.jstor.org/stable/2870965
5265,http://www.jstor.org/stable/2869430
5266,http://www.jstor.org/stable/24778553
5268,http://www.jstor.org/stable/2869397
5273,http://www.jstor.org/stable/2867337
5285,http://www.jstor.org/stable/2867344
5287,http://www.jstor.org/stable/2869708
5302,http://www.jstor.org/stable/2869171
5308,http://www.jstor.org/stable/24778510
5312,http://www.jstor.org/stable/2868781
5324,http://www.jstor.org/stable/2868651
5333,http://www.jstor.org/stable/2868823
5335,http://www.jstor.org/stable/2868345
5336,http://www.jstor.org/stable/2866213
5340,http://www.jstor.org/stable/2867777
5343,http://www.jstor.org/stable/2869394
5347,http://www.jstor.org/stable/2870508
5358,http://www.jstor.org/stable/2868909
5360,http://www.jstor.org/stable/40731140
5363,http://www.jstor.org/stable/2868258
5371,http://www.jstor.org/stable/2866478
5378,http://www.jstor.org/stable/2867880
5382,http://www.jstor.org/stable/2867656
5385,http://www.jstor.org/stable/2870385
5400,http://www.jstor.org/stable/2870002
5403,http://www.jstor.org/stable/2867552
5404,http://www.jstor.org/stable/2869060
5405,http://www.jstor.org/stable/2868828
5406,http://www.jstor.org/stable/3844040
5418,http://www.jstor.org/stable/2869660
5421,http://www.jstor.org/stable/2869519
5425,http://www.jstor.org/stable/2869576
5436,http://www.jstor.org/stable/2869712
5438,http://www.jstor.org/stable/2866159
5453,http://www.jstor.org/stable/2866863
5461,http://www.jstor.org/stable/2868739
5463,http://www.jstor.org/stable/2866245
5465,http://www.jstor.org/stable/2870800
5473,http://www.jstor.org/stable/2866719
5475,http://www.jstor.org/stable/2866021
5483,http://www.jstor.org/stable/2866277
5484,http://www.jstor.org/stable/2870283
5488,http://www.jstor.org/stable/2902259
5489,http://www.jstor.org/stable/2869566
5492,http://www.jstor.org/stable/2869547
5494,http://www.jstor.org/stable/24778582
5496,http://www.jstor.org/stable/2866580
5497,http://www.jstor.org/stable/2868738
5503,http://www.jstor.org/stable/2868492
5508,http://www.jstor.org/stable/2902233
5509,http://www.jstor.org/stable/2867735
5513,http://www.jstor.org/stable/2869506
5514,http://www.jstor.org/stable/23025618
5516,http://www.jstor.org/stable/2870070
5521,http://www.jstor.org/stable/3844038
5522,http://www.jstor.org/stable/2867775
5541,http://www.jstor.org/stable/2868657
5543,http://www.jstor.org/stable/2870201
5546,http://www.jstor.org/stable/2866862
5547,http://www.jstor.org/stable/2869395
5550,http://www.jstor.org/stable/2866985
5553,http://www.jstor.org/stable/2866615
5555,http://www.jstor.org/stable/2870162
5559,http://www.jstor.org/stable/2871281
5560,http://www.jstor.org/stable/2869062
5565,http://www.jstor.org/stable/2869794
5577,http://www.jstor.org/stable/2868572
5579,http://www.jstor.org/stable/2867900
5591,http://www.jstor.org/stable/3844241
5597,http://www.jstor.org/stable/2867425
5598,http://www.jstor.org/stable/2870724
5601,http://www.jstor.org/stable/2870100
5603,http://www.jstor.org/stable/2870545
5614,http://www.jstor.org/stable/2867962
5628,http://www.jstor.org/stable/4624957
5636,http://www.jstor.org/stable/2870093
5637,http://www.jstor.org/stable/2871173
5638,http://www.jstor.org/stable/2870954
5642,http://www.jstor.org/stable/2866888
5649,http://www.jstor.org/stable/40731155
5656,http://www.jstor.org/stable/2871291
5658,http://www.jstor.org/stable/2870847
5666,http://www.jstor.org/stable/2868132
5671,http://www.jstor.org/stable/2869594
5672,http://www.jstor.org/stable/2870848
5678,http://www.jstor.org/stable/2870094
5689,http://www.jstor.org/stable/2867179
5690,http://www.jstor.org/stable/2870584
5694,http://www.jstor.org/stable/2867902
5696,http://www.jstor.org/stable/2866522
5697,http://www.jstor.org/stable/2870193
5700,http://www.jstor.org/stable/24778472
5703,http://www.jstor.org/stable/2871121
5706,http://www.jstor.org/stable/2870558
5710,http://www.jstor.org/stable/2870078
5719,http://www.jstor.org/stable/2869059
5722,http://www.jstor.org/stable/2902358
5723,http://www.jstor.org/stable/2871401
5731,http://www.jstor.org/stable/2867949
5734,http://www.jstor.org/stable/2866172
5739,http://www.jstor.org/stable/2868463
5742,http://www.jstor.org/stable/2866253
5754,http://www.jstor.org/stable/2866698
5759,http://www.jstor.org/stable/2902157
5761,http://www.jstor.org/stable/2866753
5763,http://www.jstor.org/stable/2869199
5766,http://www.jstor.org/stable/2866924
5767,http://www.jstor.org/stable/2871138
5769,http://www.jstor.org/stable/2870964
5771,http://www.jstor.org/stable/2867998
5776,http://www.jstor.org/stable/2866651
5779,http://www.jstor.org/stable/2866016
5784,http://www.jstor.org/stable/2868783
5787,http://www.jstor.org/stable/4624992
5791,http://www.jstor.org/stable/2868908
5802,http://www.jstor.org/stable/2868429
5803,http://www.jstor.org/stable/2869241
5807,http://www.jstor.org/stable/2868538
5808,http://www.jstor.org/stable/44990808
5811,http://www.jstor.org/stable/2866958
5819,http://www.jstor.org/stable/2870339
5824,http://www.jstor.org/stable/2868344
5832,http://www.jstor.org/stable/2870275
5833,http://www.jstor.org/stable/2870241
5836,http://www.jstor.org/stable/2870561
5841,http://www.jstor.org/stable/2871278
5843,http://www.jstor.org/stable/2866678
5845,http://www.jstor.org/stable/2869517
5856,http://www.jstor.org/stable/2869734
5864,http://www.jstor.org/stable/23025624
5866,http://www.jstor.org/stable/2866331
5870,http://www.jstor.org/stable/2870377
5883,http://www.jstor.org/stable/2867891
5885,http://www.jstor.org/stable/2866437
5886,http://www.jstor.org/stable/3648645
5892,http://www.jstor.org/stable/2870312
5895,http://www.jstor.org/stable/2866442
5896,http://www.jstor.org/stable/3648698
5902,http://www.jstor.org/stable/2870284
5906,http://www.jstor.org/stable/44990758
5914,http://www.jstor.org/stable/2869502
5915,http://www.jstor.org/stable/2866922
5918,http://www.jstor.org/stable/2870448
5927,http://www.jstor.org/stable/2867380
5931,http://www.jstor.org/stable/2866524
5944,http://www.jstor.org/stable/2869965
5953,http://www.jstor.org/stable/2867582
5954,http://www.jstor.org/stable/2871119
5955,http://www.jstor.org/stable/2870111
5956,http://www.jstor.org/stable/2871376
5957,http://www.jstor.org/stable/2869369
5958,http://www.jstor.org/stable/2868061
5965,http://www.jstor.org/stable/2871047
5967,http://www.jstor.org/stable/2870095
5972,http://www.jstor.org/stable/2871153
5987,http://www.jstor.org/stable/2866957
5992,http://www.jstor.org/stable/2871140
5999,http://www.jstor.org/stable/2870482
6002,http://www.jstor.org/stable/2866650
6004,http://www.jstor.org/stable/3844322
6005,http://www.jstor.org/stable/2869866
6021,http://www.jstor.org/stable/2867327
6027,http://www.jstor.org/stable/2871189
6042,http://www.jstor.org/stable/2867845
6044,http://www.jstor.org/stable/2870861
6047,http://www.jstor.org/stable/2869242
6055,http://www.jstor.org/stable/2870295
6056,http://www.jstor.org/stable/2867993
6063,http://www.jstor.org/stable/2869073
6064,http://www.jstor.org/stable/2870333
6066,http://www.jstor.org/stable/2870248
6086,http://www.jstor.org/stable/40468405
6098,http://www.jstor.org/stable/2866725
6104,http://www.jstor.org/stable/2870946
6110,http://www.jstor.org/stable/2866854
6114,http://www.jstor.org/stable/2870966
6116,http://www.jstor.org/stable/3648684
6120,http://www.jstor.org/stable/2866999
6131,http://www.jstor.org/stable/2869439
6135,http://www.jstor.org/stable/2870127
6136,http://www.jstor.org/stable/2868304
6138,http://www.jstor.org/stable/2867802
6143,http://www.jstor.org/stable/40985588
6149,http://www.jstor.org/stable/3844056
6155,http://www.jstor.org/stable/2867099
6158,http://www.jstor.org/stable/2870983
6170,http://www.jstor.org/stable/2870464
6174,http://www.jstor.org/stable/2871172
6175,http://www.jstor.org/stable/2870958
6182,http://www.jstor.org/stable/2902184
6186,http://www.jstor.org/stable/2871299
6187,http://www.jstor.org/stable/2867874
6188,http://www.jstor.org/stable/2870803
6193,http://www.jstor.org/stable/2871057
6195,http://www.jstor.org/stable/2869574
6197,http://www.jstor.org/stable/2871017
6198,http://www.jstor.org/stable/2870479
6199,http://www.jstor.org/stable/2871290
6200,http://www.jstor.org/stable/2868210
6201,http://www.jstor.org/stable/2869000
6203,http://www.jstor.org/stable/2870447
6210,http://www.jstor.org/stable/2868712
6214,http://www.jstor.org/stable/2870723
6223,http://www.jstor.org/stable/2869328
6229,http://www.jstor.org/stable/2867721
6232,http://www.jstor.org/stable/24778573
6233,http://www.jstor.org/stable/2869469
6234,http://www.jstor.org/stable/2870710
6239,http://www.jstor.org/stable/3844083
6241,http://www.jstor.org/stable/2869633
6243,http://www.jstor.org/stable/2869124
6244,http://www.jstor.org/stable/24778570
6245,http://www.jstor.org/stable/24778456
6248,http://www.jstor.org/stable/2866555
6252,http://www.jstor.org/stable/3648649
6253,http://www.jstor.org/stable/2868699
6266,http://www.jstor.org/stable/3844218
6274,http://www.jstor.org/stable/2866441
6275,http://www.jstor.org/stable/2868487
6277,http://www.jstor.org/stable/2866860
6279,http://www.jstor.org/stable/2867026
6280,http://www.jstor.org/stable/2867841
6283,http://www.jstor.org/stable/2871277
6284,http://www.jstor.org/stable/2869201
6287,http://www.jstor.org/stable/2902320
6297,http://www.jstor.org/stable/2870801
6299,http://www.jstor.org/stable/2871042
6310,http://www.jstor.org/stable/2866080
6312,http://www.jstor.org/stable/2871253
6330,http://www.jstor.org/stable/24778554
6336,http://www.jstor.org/stable/2869346
6341,http://www.jstor.org/stable/3844171
6342,http://www.jstor.org/stable/2866786
6347,http://www.jstor.org/stable/4624975
6354,http://www.jstor.org/stable/2866047
6356,http://www.jstor.org/stable/2868880
6357,http://www.jstor.org/stable/2870449
6363,http://www.jstor.org/stable/40210299
6365,http://www.jstor.org/stable/2869102
6367,http://www.jstor.org/stable/2902281
6369,http://www.jstor.org/stable/40468421
6376,http://www.jstor.org/stable/2868975
6377,http://www.jstor.org/stable/2866052
6378,http://www.jstor.org/stable/2866552
6381,http://www.jstor.org/stable/2869024
6390,http://www.jstor.org/stable/2866355
6391,http://www.jstor.org/stable/2870305
6392,http://www.jstor.org/stable/2870125
6395,http://www.jstor.org/stable/4625013
6399,http://www.jstor.org/stable/2870426
6402,http://www.jstor.org/stable/2869871
6405,http://www.jstor.org/stable/2869709
6408,http://www.jstor.org/stable/2868970
6409,http://www.jstor.org/stable/2867106
6412,http://www.jstor.org/stable/2866690
6414,http://www.jstor.org/stable/40210279
6417,http://www.jstor.org/stable/40731138
6419,http://www.jstor.org/stable/2866826
6426,http://www.jstor.org/stable/2867886
6434,http://www.jstor.org/stable/2870446
6438,http://www.jstor.org/stable/2867960
6443,http://www.jstor.org/stable/2902279
6445,http://www.jstor.org/stable/2868530
6454,http://www.jstor.org/stable/44990256
6455,http://www.jstor.org/stable/2870032
6457,http://www.jstor.org/stable/2871191
6459,http://www.jstor.org/stable/2871380
6462,http://www.jstor.org/stable/2867590
6471,http://www.jstor.org/stable/2869230
6474,http://www.jstor.org/stable/3648647
6480,http://www.jstor.org/stable/2870045
6484,http://www.jstor.org/stable/2867586
6489,http://www.jstor.org/stable/2868856
6496,http://www.jstor.org/stable/2869605
6497,http://www.jstor.org/stable/2868939
6498,http://www.jstor.org/stable/3844041
6508,http://www.jstor.org/stable/40985592
6512,http://www.jstor.org/stable/2867423
6513,http://www.jstor.org/stable/2869810
6523,http://www.jstor.org/stable/2871422
6527,http://www.jstor.org/stable/40985586
6528,http://www.jstor.org/stable/2867661
6533,http://www.jstor.org/stable/2870657
6535,http://www.jstor.org/stable/2868459
6537,http://www.jstor.org/stable/2866015
6542,http://www.jstor.org/stable/3648685
6547,http://www.jstor.org/stable/2869839
6548,http://www.jstor.org/stable/2868092
6549,http://www.jstor.org/stable/2868326
6556,http://www.jstor.org/stable/2867058
6574,http://www.jstor.org/stable/2869682
6577,http://www.jstor.org/stable/2869831
6584,http://www.jstor.org/stable/2868639
6586,http://www.jstor.org/stable/2869888
6588,http://www.jstor.org/stable/2871152
6596,http://www.jstor.org/stable/2870823
6597,http://www.jstor.org/stable/2870422
6599,http://www.jstor.org/stable/2868490
6601,http://www.jstor.org/stable/2870367
6606,http://www.jstor.org/stable/41679746
6609,http://www.jstor.org/stable/2866790
6610,http://www.jstor.org/stable/2870504
6617,http://www.jstor.org/stable/4123513
6618,http://www.jstor.org/stable/2869681
6623,http://www.jstor.org/stable/2866721
6624,http://www.jstor.org/stable/2870708
6633,http://www.jstor.org/stable/2871099
6638,http://www.jstor.org/stable/2866072
6645,http://www.jstor.org/stable/2869781
6648,http://www.jstor.org/stable/2867701
6653,http://www.jstor.org/stable/24778552
6654,http://www.jstor.org/stable/23025628
6655,http://www.jstor.org/stable/2869787
6658,http://www.jstor.org/stable/2871250
6662,http://www.jstor.org/stable/44990748
6666,http://www.jstor.org/stable/2867995
6669,http://www.jstor.org/stable/40210246
6671,http://www.jstor.org/stable/24778556
6672,http://www.jstor.org/stable/41679748
6674,http://www.jstor.org/stable/2868133
6676,http://www.jstor.org/stable/2867203
6685,http://www.jstor.org/stable/2868541
6686,http://www.jstor.org/stable/2868741
6687,http://www.jstor.org/stable/41819768
6691,http://www.jstor.org/stable/2867593
6694,http://www.jstor.org/stable/2870334
6698,http://www.jstor.org/stable/2867024
6705,http://www.jstor.org/stable/2869500
6711,http://www.jstor.org/stable/2867299
6722,http://www.jstor.org/stable/2868734
6728,http://www.jstor.org/stable/2869861
6740,http://www.jstor.org/stable/2869020
6743,http://www.jstor.org/stable/2868760
